datetime,open,high,low,close,volume
2023-11-06T00:00:00+00:00,12229.9,12284.789999999999,12179.77,12230.27,43943
2023-11-07T00:00:00+00:00,12230.27,12248.98,12127.98,12181.48,41745
2023-11-08T00:00:00+00:00,12181.48,12198.61,12080.6,12133.6,41792
2023-11-09T00:00:00+00:00,12133.6,12190.88,12090.850000000002,12097.340000000002,43323.288282528825
2023-11-10T00:00:00+00:00,12097.340000000002,12131.560000000001,12002.54,12052.54,41285.17151257759
2023-11-13T00:00:00+00:00,12052.54,12117.43,11934.41,12082.93,41486
2023-11-14T00:00:00+00:00,12082.93,12191.59,11956.58,12191.59,44391
2023-11-15T00:00:00+00:00,12191.59,12216.230000000001,12058.74,12180.230000000001,57714
2023-11-16T00:00:00+00:00,12180.230000000001,12182.68,11907.18,11938.69,52832
2023-11-17T00:00:00+00:00,11938.69,12042.150000000001,11876.150000000001,11986.650000000001,43687
2023-11-20T00:00:00+00:00,11986.650000000001,12090.900000000001,11889.890000000001,12069.400000000001,44102
2023-11-21T00:00:00+00:00,12069.400000000001,12163.45,11991.95,12012.960000000001,48195.589827521086
2023-11-22T00:00:00+00:00,12012.960000000001,12054.890000000001,11921.87,11934.380000000001,42193
2023-11-23T00:00:00+00:00,11934.380000000001,12058.99,11887.970000000001,12024.480000000001,35717.86527929902
2023-11-24T00:00:00+00:00,12024.480000000001,12028.74,11890.74,11913.230000000001,37831.49448062474
2023-11-27T00:00:00+00:00,11913.230000000001,11928.42,11721.44,11796.42,45353
2023-11-28T00:00:00+00:00,11796.42,11839.99,11752.470000000001,11807.470000000001,39562
2023-11-29T00:00:00+00:00,11807.470000000001,11824.61,11651.6,11692.6,43865
2023-11-30T00:00:00+00:00,11692.6,11789.54,11684.52,11751.53,44565.82983599166
2023-12-01T00:00:00+00:00,11751.53,11760.050000000001,11560.03,11630.54,57236
2023-12-04T00:00:00+00:00,11630.54,11684.83,11543.810000000001,11555.82,48015
2023-12-05T00:00:00+00:00,11555.82,11570.32,11301.800000000001,11366.800000000001,48467.28490084429
2023-12-06T00:00:00+00:00,11366.800000000001,11419.32,11274.300000000001,11309.33,43850.02202868852
2023-12-07T00:00:00+00:00,11309.33,11365.16,11213.140000000001,11342.66,46358.00855920114
2023-12-08T00:00:00+00:00,11342.66,11408.369999999999,11295.849999999999,11304.359999999999,42777
2023-12-11T00:00:00+00:00,11304.359999999999,11431.31,11135.8,11419.82,56468
2023-12-12T00:00:00+00:00,11419.82,11449.589999999998,11320.57,11421.089999999998,43586
2023-12-13T00:00:00+00:00,11421.089999999998,11421.089999999998,11154.3,11254.81,41633
2023-12-14T00:00:00+00:00,11254.81,11287.779999999999,11089.769999999999,11203.239999999998,50005.045269168026
2023-12-15T00:00:00+00:00,11203.239999999998,11299.939999999999,11076.419999999998,11079.939999999999,56359
2023-12-18T00:00:00+00:00,11079.939999999999,11197.569999999998,11025.569999999998,11126.06,45662
2023-12-19T00:00:00+00:00,11126.06,11229.099999999999,11067.579999999998,11208.589999999998,38322
2023-12-20T00:00:00+00:00,11208.589999999998,11229.88,11016.88,11023.89,42066.045265038716
2023-12-21T00:00:00+00:00,11023.89,11235.289999999999,11005.789999999999,11208.789999999999,55574.317013032756
2023-12-22T00:00:00+00:00,11208.789999999999,11288.64,11126.63,11238.64,60304
2023-12-26T00:00:00+00:00,11238.64,11258.739999999998,11075.769999999997,11123.789999999997,12987.835136572245
2023-12-27T00:00:00+00:00,11123.789999999997,11164.139999999998,11057.129999999997,11140.149999999998,37136.55203346304
2023-12-28T00:00:00+00:00,11140.149999999998,11447.549999999997,11116.539999999997,11404.559999999998,50389
2023-12-29T00:00:00+00:00,11404.559999999998,11484.239999999998,11378.239999999998,11427.219999999998,39266.197217675945
2024-01-02T00:00:00+00:00,11427.219999999998,11456.219999999998,11015.209999999997,11030.209999999997,28390.13775363753
2024-01-03T00:00:00+00:00,11030.209999999997,11119.649999999998,11021.629999999997,11079.639999999998,41734.391374596074
2024-01-04T00:00:00+00:00,11079.639999999998,11091.349999999997,10886.829999999998,10954.339999999997,40578.6287341625
2024-01-05T00:00:00+00:00,10954.339999999997,11075.279999999997,10884.259999999997,10937.259999999997,52988.25748017825
2024-01-08T00:00:00+00:00,10937.259999999997,10974.179999999997,10781.669999999998,10835.669999999998,46759
2024-01-09T00:00:00+00:00,10835.669999999998,10864.539999999997,10769.519999999997,10782.029999999997,44019
2024-01-10T00:00:00+00:00,10782.029999999997,10913.189999999997,10761.169999999998,10788.169999999998,42247
2024-01-11T00:00:00+00:00,10788.169999999998,10903.559999999998,10736.549999999997,10776.049999999997,46100.85063866711
2024-01-12T00:00:00+00:00,10776.049999999997,10869.499999999998,10745.479999999998,10796.499999999998,38325
2024-01-15T00:00:00+00:00,10796.499999999998,10891.279999999997,10678.269999999997,10760.759999999997,40107
2024-01-16T00:00:00+00:00,10760.759999999997,10871.929999999997,10688.909999999998,10802.909999999998,56751
2024-01-17T00:00:00+00:00,10802.909999999998,10811.809999999998,10529.289999999997,10564.789999999997,53658
2024-01-18T00:00:00+00:00,10564.789999999997,10747.559999999998,10408.569999999998,10715.059999999998,74935
2024-01-19T00:00:00+00:00,10715.059999999998,10861.679999999997,10653.169999999998,10858.679999999997,59329
2024-01-22T00:00:00+00:00,10858.679999999997,10886.539999999997,10594.529999999997,10768.029999999997,75813
2024-01-23T00:00:00+00:00,10768.029999999997,10827.129999999997,10628.109999999997,10814.109999999997,74746
2024-01-24T00:00:00+00:00,10814.109999999997,11158.739999999998,10625.719999999998,11102.719999999998,75435
2024-01-25T00:00:00+00:00,11102.719999999998,11109.879999999997,10873.859999999997,11031.379999999997,66825
2024-01-26T00:00:00+00:00,11031.379999999997,11101.679999999997,10963.159999999998,11081.669999999998,57696
2024-01-29T00:00:00+00:00,11081.669999999998,11153.699999999997,10953.189999999997,10986.189999999997,56186.76596366707
2024-01-30T00:00:00+00:00,10986.189999999997,10988.109999999997,10736.599999999997,10750.619999999997,61205
2024-01-31T00:00:00+00:00,10750.619999999997,10890.709999999997,10731.219999999998,10824.219999999998,71864
2024-02-01T00:00:00+00:00,10824.219999999998,10894.229999999998,10721.209999999997,10800.219999999998,69342
2024-02-02T00:00:00+00:00,10800.219999999998,10881.219999999998,10472.719999999998,10595.739999999998,85115
2024-02-05T00:00:00+00:00,10595.739999999998,10994.569999999998,10571.069999999998,10863.069999999998,111686
2024-02-06T00:00:00+00:00,10863.069999999998,11413.379999999997,10820.859999999997,11271.859999999997,105326
2024-02-07T00:00:00+00:00,11271.859999999997,11312.959999999997,11153.959999999997,11283.469999999998,96603
2024-02-08T00:00:00+00:00,11283.469999999998,11372.249999999998,11171.249999999998,11181.259999999997,72123
2024-02-09T00:00:00+00:00,11181.259999999997,11196.809999999998,11095.299999999997,11171.319999999998,24790
2024-02-12T00:00:00+00:00,11171.319999999998,11535.99,11155.119999999997,11528.49,13344
2024-02-13T00:00:00+00:00,11528.49,11641.05,11473.03,11491.05,18426
2024-02-14T00:00:00+00:00,11491.05,11538.11,11376.1,11486.1,38619
2024-02-15T00:00:00+00:00,11486.1,11556.68,11391.16,11535.16,27609.926285945727
2024-02-16T00:00:00+00:00,11535.16,11715.82,11490.3,11682.82,28337
2024-02-19T00:00:00+00:00,11682.82,11739.82,11528.31,11596.32,55422
2024-02-20T00:00:00+00:00,11596.32,11677.39,11550.87,11626.38,51173.27876560573
2024-02-21T00:00:00+00:00,11626.38,12047.34,11590.33,11889.34,71304
2024-02-22T00:00:00+00:00,11889.34,11999.62,11838.11,11958.62,53238.80664529576
2024-02-23T00:00:00+00:00,11958.62,12035.05,11895.53,11979.03,46209
2024-02-26T00:00:00+00:00,11979.03,11979.03,11753.39,11763.39,46595.86693147964
2024-02-27T00:00:00+00:00,11763.39,11884.9,11726.4,11856.89,37834.77734720955
2024-02-28T00:00:00+00:00,11856.89,11879.5,11703.5,11717.49,53558
2024-02-29T00:00:00+00:00,11717.49,11879.28,11699.27,11809.77,50060
2024-03-01T00:00:00+00:00,11809.77,11903.37,11753.85,11864.37,60145
2024-03-04T00:00:00+00:00,11864.37,11872.78,11795.79,11808.78,49362.51404707669
2024-03-05T00:00:00+00:00,11808.78,12012.82,11736.31,11943.81,70089.57656458055
2024-03-06T00:00:00+00:00,11943.81,12007.1,11874.08,11906.1,56755.488587291795
2024-03-07T00:00:00+00:00,11906.1,11950.38,11800.39,11861.39,46682.91599678456
2024-03-08T00:00:00+00:00,11861.39,11891.55,11755.05,11809.05,51092.49248120301
2024-03-11T00:00:00+00:00,11809.05,12107.36,11804.34,12100.84,50078
2024-03-12T00:00:00+00:00,12100.84,12208.4,12019.38,12152.38,55574
2024-03-13T00:00:00+00:00,12152.38,12162.56,12036.54,12052.06,39340
2024-03-14T00:00:00+00:00,12052.06,12158.23,11996.75,12060.23,42633.017496635264
2024-03-15T00:00:00+00:00,12060.23,12149.87,12024.86,12119.86,36546
2024-03-18T00:00:00+00:00,12119.86,12219.38,12082.9,12143.9,44092.12354875637
2024-03-19T00:00:00+00:00,12143.9,12230.23,12109.24,12148.25,37202.55087189106
2024-03-20T00:00:00+00:00,12148.25,12238.87,12095.88,12220.88,36038
2024-03-21T00:00:00+00:00,12220.88,12283.86,12168.86,12187.35,37776
2024-03-22T00:00:00+00:00,12187.35,12219.87,12004.86,12099.87,45723.98922800718
2024-03-25T00:00:00+00:00,12099.87,12180.42,12052.41,12095.93,43637
2024-03-26T00:00:00+00:00,12095.93,12233.99,12095.93,12169.99,38180
2024-03-27T00:00:00+00:00,12169.99,12227.14,12070.62,12102.12,36729.46792551836
2024-03-28T00:00:00+00:00,12102.12,12205.83,11984.83,12115.82,39523
2024-03-29T00:00:00+00:00,12115.82,12182.03,12061.52,12115.01,16067.035114201988
2024-04-01T00:00:00+00:00,12115.01,12382.04,12115.01,12270.54,29007
2024-04-02T00:00:00+00:00,12270.54,12341.79,12212.79,12258.31,40337
2024-04-03T00:00:00+00:00,12258.31,12268.29,12157.81,12225.81,37173
2024-04-04T00:00:00+00:00,12225.81,12295.3,12223.8,12230.79,9051
2024-04-05T00:00:00+00:00,12230.79,12242.63,12093.62,12200.12,26599
2024-04-08T00:00:00+00:00,12200.12,12225.84,12066.33,12127.83,37159
2024-04-09T00:00:00+00:00,12127.83,12169.9,12048.38,12100.4,32218
2024-04-10T00:00:00+00:00,12100.4,12112.11,11937.61,11964.11,47801
2024-04-11T00:00:00+00:00,11964.11,12042.01,11919.51,11982.02,36931
2024-04-12T00:00:00+00:00,11982.02,12056.66,11819.15,11828.64,44760
2024-04-15T00:00:00+00:00,11828.64,12234.18,11824.16,12155.67,66058
2024-04-16T00:00:00+00:00,12155.67,12230.32,12067.32,12162.83,57881
2024-04-17T00:00:00+00:00,12162.83,12264.12,12059.61,12224.13,49078
2024-04-18T00:00:00+00:00,12224.13,12413.03,12190.03,12272.51,53887
2024-04-19T00:00:00+00:00,12272.51,12298.13,12134.62,12224.63,52531
2024-04-22T00:00:00+00:00,12224.63,12325.43,12180.41,12223.93,52875
2024-04-23T00:00:00+00:00,12223.93,12251.84,12112.82,12221.33,42958
2024-04-24T00:00:00+00:00,12221.33,12321.96,12166.94,12216.96,36894.994173343046
2024-04-25T00:00:00+00:00,12216.96,12317.69,12175.17,12291.17,43540
2024-04-26T00:00:00+00:00,12291.17,12493.62,12272.6,12460.6,51071.18590577676
2024-04-29T00:00:00+00:00,12460.6,12678.01,12405.52,12572.51,57916
2024-04-30T00:00:00+00:00,12572.51,12640.5,12453.48,12464.98,47330
2024-05-01T00:00:00+00:00,12464.98,12493.74,12384.24,12476.22,17152.12624094914
2024-05-02T00:00:00+00:00,12476.22,12771.02,12460.51,12749.01,26222
2024-05-03T00:00:00+00:00,12749.01,12785.94,12671.93,12729.43,27711
2024-05-06T00:00:00+00:00,12729.43,12814.13,12665.62,12712.63,40528
2024-05-07T00:00:00+00:00,12712.63,12766.88,12655.36,12725.86,28093.91042780749
2024-05-08T00:00:00+00:00,12725.86,12735.82,12601.82,12650.33,29890
2024-05-09T00:00:00+00:00,12650.33,12751.23,12646.23,12741.23,27749
2024-05-10T00:00:00+00:00,12741.23,12772.41,12624.4,12699.9,39512
2024-05-13T00:00:00+00:00,12699.9,12699.9,12555.56,12653.05,36560
2024-05-14T00:00:00+00:00,12653.05,12680.54,12564.04,12595.02,29347
2024-05-15T00:00:00+00:00,12595.02,12660.11,12523.1,12581.62,20336
2024-05-16T00:00:00+00:00,12581.62,12698.34,12517.32,12655.33,37987.992470910336
2024-05-17T00:00:00+00:00,12655.33,12913.36,12622.36,12905.37,43529
2024-05-20T00:00:00+00:00,12905.37,12950.21,12830.19,12840.7,42492
2024-05-21T00:00:00+00:00,12840.7,12870.51,12781.99,12818,29121
2024-05-22T00:00:00+00:00,12818,12875.56,12775.05,12811.06,31052
2024-05-23T00:00:00+00:00,12811.06,12817.19,12637.17,12654.68,40990.64727670721
2024-05-24T00:00:00+00:00,12654.68,12743.37,12529.35,12552.85,35158.240359306335
2024-05-27T00:00:00+00:00,12552.85,12692.7,12547.18,12683.19,30734.787586206898
2024-05-28T00:00:00+00:00,12683.19,12694.73,12535.22,12557.73,29515.33759778526
2024-05-29T00:00:00+00:00,12557.73,12680.43,12529.43,12570.44,32149.031318615605
2024-05-30T00:00:00+00:00,12570.44,12624.61,12435.1,12508.11,34531
2024-05-31T00:00:00+00:00,12508.11,12563.38,12358.38,12406.38,36557
2024-06-03T00:00:00+00:00,12406.38,12528.21,12366.69,12430.7,34803
2024-06-04T00:00:00+00:00,12430.7,12600.56,12427.04,12558.04,33063
2024-06-05T00:00:00+00:00,12558.04,12598.88,12488.86,12510.38,30999
2024-06-06T00:00:00+00:00,12510.38,12639.31,12492.3,12534.3,34899.732528041415
2024-06-07T00:00:00+00:00,12534.3,12560.01,12327.01,12351.51,44171.92082825822
2024-06-10T00:00:00+00:00,12351.51,12411.56,12347.56,12377.58,7830
2024-06-11T00:00:00+00:00,12377.58,12377.58,12147.93,12188.92,44608
2024-06-12T00:00:00+00:00,12188.92,12241.05,12159.55,12202.54,34857.0243902439
2024-06-13T00:00:00+00:00,12202.54,12290.75,12150.75,12162.74,28208
2024-06-14T00:00:00+00:00,12162.74,12304.02,12066.01,12244,40325.090604467805
2024-06-17T00:00:00+00:00,12244,12268.1,12161.08,12257.08,35043
2024-06-18T00:00:00+00:00,12257.08,12281.16,12164.65,12251.15,27493.935307017542
2024-06-19T00:00:00+00:00,12251.15,12251.15,12149.04,12206.03,25905.866220735785
2024-06-20T00:00:00+00:00,12206.03,12259.51,12121.49,12135.01,29992.07898181818
2024-06-21T00:00:00+00:00,12135.01,12203.31,12006.32,12033.8,39100
2024-06-24T00:00:00+00:00,12033.8,12198.49,11963.47,12147.98,47945
2024-06-25T00:00:00+00:00,12147.98,12180.07,12041.07,12068.55,46411.05936675462
2024-06-26T00:00:00+00:00,12068.55,12145,12039,12077.02,39333.433484155015
2024-06-27T00:00:00+00:00,12077.02,12119.24,11994.23,12065.73,31667
2024-06-28T00:00:00+00:00,12065.73,12146.11,12020.1,12052.11,44867
2024-07-01T00:00:00+00:00,12052.11,12108.7,11971.68,12077.7,20856.61824776818
2024-07-02T00:00:00+00:00,12077.7,12206.63,12021.62,12190.13,38244.7668161435
2024-07-03T00:00:00+00:00,12190.13,12218.97,12114.46,12195.46,29351.28833455162
2024-07-04T00:00:00+00:00,12195.46,12279.61,12143.6,12155.12,26683.05824309854
2024-07-05T00:00:00+00:00,12155.12,12202.56,11921.55,11986.05,40906.341486359364
2024-07-08T00:00:00+00:00,11986.05,12054.17,11950.67,11954.18,30086
2024-07-09T00:00:00+00:00,11954.18,12129.71,11861.7,12079.21,39163
2024-07-10T00:00:00+00:00,12079.21,12110.16,12007.15,12053.16,28659.039311241064
2024-07-11T00:00:00+00:00,12053.16,12141.23,11992.74,12123.24,35234.410611013845
2024-07-12T00:00:00+00:00,12123.24,12182.87,12085.85,12140.87,29932
2024-07-15T00:00:00+00:00,12140.87,12217.19,12110.2,12154.19,27344
2024-07-16T00:00:00+00:00,12154.19,12199.81,12114.3,12184.79,35953
2024-07-17T00:00:00+00:00,12184.79,12284.6,12118.58,12248.58,38715
2024-07-18T00:00:00+00:00,12248.58,12315.68,12198.68,12226.69,35890
2024-07-19T00:00:00+00:00,12226.69,12334.55,12142.04,12293.53,44548
2024-07-22T00:00:00+00:00,12293.53,12356.26,12131.24,12197.75,36777.085442826385
2024-07-23T00:00:00+00:00,12197.75,12225.69,11994.68,12011.69,30100.055187969923
2024-07-24T00:00:00+00:00,12011.69,12058.33,11925.32,11969.83,35007.59972770592
2024-07-25T00:00:00+00:00,11969.83,11976.36,11785.86,11883.36,47764
2024-07-26T00:00:00+00:00,11883.36,11913.05,11749.03,11831.53,43383.9848589126
2024-07-29T00:00:00+00:00,11831.53,11847.97,11729.48,11748.48,34199.96694103915
2024-07-30T00:00:00+00:00,11748.48,11748.48,11586.73,11647.25,33369
2024-07-31T00:00:00+00:00,11647.25,11903.03,11634.01,11853.51,46572.22516551583
2024-08-01T00:00:00+00:00,11853.51,11880.8,11686.79,11705.29,33404
2024-08-02T00:00:00+00:00,11705.29,11764.56,11638.57,11681.07,46041
2024-08-05T00:00:00+00:00,11681.07,11783.24,11567.75,11676.73,91361
2024-08-06T00:00:00+00:00,11676.73,11737.07,11451.06,11514.07,52533
2024-08-07T00:00:00+00:00,11514.07,11620.25,11476.76,11511.26,39398
2024-08-08T00:00:00+00:00,11511.26,11664.77,11479.76,11637.26,39862
2024-08-09T00:00:00+00:00,11637.26,11704.59,11578.09,11593.09,32997
2024-08-12T00:00:00+00:00,11593.09,11652.57,11579.57,11615.59,26977
2024-08-13T00:00:00+00:00,11615.59,11647.73,11557.23,11629.25,26981
2024-08-14T00:00:00+00:00,11629.25,11637.18,11539.67,11548.19,22093.08162374509
2024-08-15T00:00:00+00:00,11548.19,11758.21,11497.21,11709.21,40582
2024-08-16T00:00:00+00:00,11709.21,11799.82,11670.81,11796.3,30880.821428571428
2024-08-19T00:00:00+00:00,11796.3,11929.73,11765.21,11835.71,30815.145237078174
2024-08-20T00:00:00+00:00,11835.71,11847.64,11730.64,11754.13,29815
2024-08-21T00:00:00+00:00,11754.13,11790.71,11645.7,11776.7,34664
2024-08-22T00:00:00+00:00,11776.7,11819.73,11732.72,11780.71,37537
2024-08-23T00:00:00+00:00,11780.71,11913.15,11769.15,11897.15,36141.26940356443
2024-08-26T00:00:00+00:00,11897.15,11907.74,11759.74,11790.76,35444
2024-08-27T00:00:00+00:00,11790.76,11837.4,11761.38,11819.4,31394.24647567076
2024-08-28T00:00:00+00:00,11819.4,11819.4,11631.97,11677.48,34076.26882935448
2024-08-29T00:00:00+00:00,11677.48,11677.48,11548.84,11567.84,33504
2024-08-30T00:00:00+00:00,11567.84,11873.43,11559.41,11693.93,47871.783246977546
2024-09-02T00:00:00+00:00,11693.93,11702.06,11530.55,11539.54,33108.59767504739
2024-09-03T00:00:00+00:00,11539.54,11600.99,11506.47,11533.98,39269
2024-09-04T00:00:00+00:00,11533.98,11544.03,11427.53,11474.05,37734.27792870936
2024-09-05T00:00:00+00:00,11474.05,11526.18,11429.18,11474.68,29750
2024-09-06T00:00:00+00:00,11474.68,11562.66,11350.16,11355.67,23531
2024-09-09T00:00:00+00:00,11355.67,11392.18,11227.16,11266.67,33954.98852223816
2024-09-10T00:00:00+00:00,11266.67,11328.39,11246.37,11260.87,31686
2024-09-11T00:00:00+00:00,11260.87,11276.32,11202.81,11258.31,32679.084515885974
2024-09-12T00:00:00+00:00,11258.31,11272.39,11166.37,11198.37,26074.416386083052
2024-09-13T00:00:00+00:00,11198.37,11245.06,11115.57,11140.05,27615
2024-09-16T00:00:00+00:00,11140.05,11190.49,11117.48,11174.99,9629.710695499707
2024-09-17T00:00:00+00:00,11174.99,11237.95,11158.44,11212.43,8587.075711892798
2024-09-18T00:00:00+00:00,11212.43,11228.41,11129.42,11174.41,28142
2024-09-19T00:00:00+00:00,11174.41,11301.26,11061.76,11260.27,38583
2024-09-20T00:00:00+00:00,11260.27,11269.93,11156.92,11242.42,35486
2024-09-23T00:00:00+00:00,11242.42,11387.08,11229.07,11360.56,31224.50051435026
2024-09-24T00:00:00+00:00,11360.56,12350.52,11360.56,12325.51,86960.22002614045
2024-09-25T00:00:00+00:00,12325.51,12332.93,12097.44,12184.94,77584.18902604617
2024-09-26T00:00:00+00:00,12184.94,13240.93,12115.92,13066.94,125691.20913055558
2024-09-27T00:00:00+00:00,13066.94,13590.76,12789.76,13348.76,230837
2024-09-30T00:00:00+00:00,13348.76,14205.82,13348.76,13721.82,325356
2024-10-01T00:00:00+00:00,13721.82,14106.56,13684.05,14053.54,64878
2024-10-02T00:00:00+00:00,14053.54,15201.35,14024.83,15108.84,199390
2024-10-03T00:00:00+00:00,15108.84,15244.05,14550.04,14934.04,149383
2024-10-04T00:00:00+00:00,14934.04,15567.79,14836.81,15567.79,176385
2024-10-07T00:00:00+00:00,15567.79,16357.54,15564.79,16202.03,178116.4730546462
2024-10-08T00:00:00+00:00,16202.03,16204.53,14018.17,14517.65,503688.00961189263
2024-10-09T00:00:00+00:00,14517.65,14715.35,13309.84,13693.84,401010.8390364521
2024-10-10T00:00:00+00:00,13693.84,14231.39,13574.87,13985.38,348447.0353733148
2024-10-11T00:00:00+00:00,13985.38,14030.82,13408.81,13883.82,179556.0495603517
2024-10-14T00:00:00+00:00,13883.82,14098.34,13582.83,13803.82,219679.3954821308
2024-10-15T00:00:00+00:00,13803.82,13870.07,13229.06,13259.08,191943.0274776577
2024-10-16T00:00:00+00:00,13259.08,13524.76,13259.08,13386.24,140371.53167639516
2024-10-17T00:00:00+00:00,13386.24,13547.54,12953.04,13046.04,135985.2398075462
2024-10-18T00:00:00+00:00,13046.04,13803.1,13043.54,13619.59,213923.34963993047
2024-10-21T00:00:00+00:00,13619.59,13694.15,13422.63,13482.14,139873.78905452316
2024-10-22T00:00:00+00:00,13482.14,13712.35,13464.33,13647.35,111702.61218274111
2024-10-23T00:00:00+00:00,13647.35,13785.09,13549.57,13573.59,111880.68234901568
2024-10-24T00:00:00+00:00,13573.59,13636.22,13425.72,13481.71,83179.26323572907
2024-10-25T00:00:00+00:00,13481.71,13687.96,13462.45,13520.95,101942.72162948594
2024-10-28T00:00:00+00:00,13520.95,13605.03,13376.52,13594.02,74952.85086306099
2024-10-29T00:00:00+00:00,13594.02,13689.69,13435.67,13477.18,89349.93681689922
2024-10-30T00:00:00+00:00,13477.18,13497.57,13217.55,13316.55,83760.42851081883
2024-10-31T00:00:00+00:00,13316.55,13366.12,13133.63,13235.12,97942.94455852156
2024-11-01T00:00:00+00:00,13235.12,13481.48,13232.97,13344.98,100950.57324472695
2024-11-04T00:00:00+00:00,13344.98,13552.17,13288.67,13479.67,76406.97421623205
2024-11-05T00:00:00+00:00,13479.67,13842.51,13396.5,13792.99,96484.2392868314
2024-11-06T00:00:00+00:00,13792.99,13840.67,13424.15,13564.15,136392.97550494198
2024-11-07T00:00:00+00:00,13564.15,14369.48,13489.96,14315.47,138110.66593103448
2024-11-08T00:00:00+00:00,14315.47,14315.47,13365.76,13541.26,171918.74922489002
2024-11-11T00:00:00+00:00,13541.26,13764.64,13525.64,13694.14,106615.12169534201
2024-11-12T00:00:00+00:00,13694.14,13985.45,13466.94,13494.45,113068.58476658477
2024-11-13T00:00:00+00:00,13494.45,13772.32,13492.45,13639.31,95750.09978768577
2024-11-14T00:00:00+00:00,13639.31,13781.87,13469.36,13485.36,83275.2473385013
2024-11-15T00:00:00+00:00,13485.36,13592.22,13320.7,13347.71,89424.81314623338
2024-11-18T00:00:00+00:00,13347.71,13656.39,13347.21,13472.37,91875.58774096944
2024-11-19T00:00:00+00:00,13472.37,13499.49,13264.98,13403.49,79340.8736234924
2024-11-20T00:00:00+00:00,13403.49,13508.15,13369.13,13422.64,57514.04990151018
2024-11-21T00:00:00+00:00,13422.64,13495.79,13394.27,13468.77,59314.222784810125
2024-11-22T00:00:00+00:00,13468.77,13495.92,13021.91,13103.43,81977.96103896105
2024-11-25T00:00:00+00:00,13103.43,13249.52,12969.5,13015,87410.06659012628
2024-11-26T00:00:00+00:00,13015,13141.14,12902.65,13044.14,68814.98219088688
2024-11-27T00:00:00+00:00,13044.14,13323.77,13015.75,13309.77,49910.78307596228
2024-11-28T00:00:00+00:00,13309.77,13311.27,13055.87,13129.38,53135.84386086078
2024-11-29T00:00:00+00:00,13129.38,13420.83,13114.81,13281.83,86927.50181378477
2024-12-02T00:00:00+00:00,13281.83,13325.98,13159.98,13318.96,71063.1562766866
2024-12-03T00:00:00+00:00,13318.96,13410.17,13214.65,13378.16,70694.3175257732
2024-12-04T00:00:00+00:00,13378.16,13416.06,13261.04,13291.54,54790.24199288256
2024-12-05T00:00:00+00:00,13291.54,13347.72,13239.7,13306.22,41781.28125
2024-12-06T00:00:00+00:00,13306.22,13583,13291.99,13440.01,65008.860787172016
2024-12-09T00:00:00+00:00,13440.01,14430.56,13377.56,14225.06,150531.37688821752
2024-12-10T00:00:00+00:00,14225.06,14264.14,13543.64,13626.15,129094.98449525934
2024-12-11T00:00:00+00:00,13626.15,13679.43,13503.42,13534.92,62360.04068522484
2024-12-12T00:00:00+00:00,13534.92,13807.24,13466.75,13607.25,98407.7100591716
2024-12-13T00:00:00+00:00,13607.25,13646.11,13317.6,13346.6,83830.93956043955
2024-12-16T00:00:00+00:00,13346.6,13458.01,13330.99,13352.5,59760.21585903084
2024-12-17T00:00:00+00:00,13352.5,13619.15,13348.63,13534.64,67545.87297633872
2024-12-18T00:00:00+00:00,13534.64,13640.68,13451.2,13453.7,52743.18917756661
2024-12-19T00:00:00+00:00,13453.7,13554.29,13412.8,13468.81,55564.02983590253
2024-12-20T00:00:00+00:00,13468.81,13485.37,13295.37,13379.88,51089.03166869671
2024-12-23T00:00:00+00:00,13379.88,13585.88,13355.86,13509.36,68216.68362839002
2024-12-24T00:00:00+00:00,13509.36,13688.68,13473.17,13585,39401.15769865569
2024-12-26T00:00:00+00:00,13585,13599.5,13430.5,13467.51,14165.682206335026
2024-12-27T00:00:00+00:00,13467.51,13508.91,13343.89,13457.4,45279.918224299065
2024-12-30T00:00:00+00:00,13457.4,13598.58,13436.56,13479.56,48228.28413575375
2024-12-31T00:00:00+00:00,13479.56,13576.130000000001,13308.130000000001,13342.12,55127.41365600347
2025-01-02T00:00:00+00:00,13342.12,13364.12,12709.61,12759.630000000001,53375.470051984485
2025-01-03T00:00:00+00:00,12759.630000000001,12840.61,12653.61,12716.1,71645.60201342282
2025-01-06T00:00:00+00:00,12716.1,12882.650000000001,12514.17,12633.150000000001,92045.95661094134
2025-01-07T00:00:00+00:00,12633.150000000001,12714.29,12546.78,12634.27,70842.24003466204
2025-01-08T00:00:00+00:00,12634.27,12701.37,12492.86,12616.880000000001,84750.09111193012
2025-01-09T00:00:00+00:00,12616.880000000001,12624.29,12515.78,12553.800000000001,45766.039440250985
2025-01-10T00:00:00+00:00,12553.800000000001,12592.5,12346.5,12353.01,67426.9798941799
2025-01-13T00:00:00+00:00,12353.01,12430.480000000001,12276.480000000001,12370.480000000001,70532.95631280035
2025-01-14T00:00:00+00:00,12370.480000000001,12704.61,12369.980000000001,12635.1,74734.8022178482
2025-01-15T00:00:00+00:00,12635.1,12694.960000000001,12581.94,12655.44,52453.68888754749
2025-01-16T00:00:00+00:00,12655.44,12734.720000000001,12528.210000000001,12570.230000000001,59016.94278464711
2025-01-17T00:00:00+00:00,12570.230000000001,12739.2,12510.18,12669.7,73514.69005374658
2025-01-20T00:00:00+00:00,12669.7,12858.720000000001,12669.7,12824.230000000001,83589.33751334606
2025-01-21T00:00:00+00:00,12824.230000000001,12827.730000000001,12590.070000000002,12634.080000000002,66984.14290014542
2025-01-22T00:00:00+00:00,12634.080000000002,12680.76,12438.740000000002,12535.76,69424.04643334093
2025-01-23T00:00:00+00:00,12535.76,12748.34,12535.76,12618.85,71604.0791320278
2025-01-24T00:00:00+00:00,12618.85,12681.160000000002,12481.650000000001,12610.150000000001,109630.92020396721
2025-01-27T00:00:00+00:00,12610.150000000001,12733.990000000002,12535.970000000001,12635.980000000001,83984.17761007705
2025-01-28T00:00:00+00:00,12635.980000000001,12664.560000000001,12539.560000000001,12636.080000000002,36356.04802366139
2025-01-29T00:00:00+00:00,12636.080000000002,12792.67,12610.68,12680.68,21806.421702294643
2025-01-30T00:00:00+00:00,12680.68,12764.310000000001,12606.800000000001,12701.810000000001,18900.21065658879
2025-01-31T00:00:00+00:00,12701.810000000001,12977.410000000002,12624.410000000002,12650.42,39854.772694275234
2025-02-03T00:00:00+00:00,12650.42,12652.76,12367.240000000002,12596.76,121730.1948418591
2025-02-04T00:00:00+00:00,12596.76,12779.240000000002,12474.25,12730.240000000002,92197.14503096916
2025-02-05T00:00:00+00:00,12730.240000000002,12730.240000000002,12354.75,12407.76,90374.35512601247
2025-02-06T00:00:00+00:00,12407.76,12571.740000000002,12372.740000000002,12519.740000000002,71913.75915191627
2025-02-07T00:00:00+00:00,12519.740000000002,12798.28,12476.27,12714.78,112838.45159924224
2025-02-10T00:00:00+00:00,12714.78,12794.86,12658.84,12749.84,72137.3502311192
2025-02-11T00:00:00+00:00,12749.84,12767.980000000001,12632.960000000001,12686.980000000001,67676.02548295997
2025-02-12T00:00:00+00:00,12686.980000000001,12888.160000000002,12639.150000000001,12868.660000000002,77682.12165155321
2025-02-13T00:00:00+00:00,12868.660000000002,12998.580000000002,12783.570000000002,12883.580000000002,108112.94728917764
2025-02-14T00:00:00+00:00,12883.580000000002,13122.150000000001,12869.630000000001,13098.650000000001,88480.6254371716
2025-02-17T00:00:00+00:00,13098.650000000001,13112.43,12936.94,13003.94,83327.00285607808
2025-02-18T00:00:00+00:00,13003.94,13160.1,12952.580000000002,12989.080000000002,91960.33572836059
2025-02-19T00:00:00+00:00,12989.080000000002,13076.26,12953.76,12996.240000000002,63007.98912952769
2025-02-20T00:00:00+00:00,12996.240000000002,13057.880000000001,12939.87,13032.86,77876.82012116216
2025-02-21T00:00:00+00:00,13032.86,13175.54,12978.04,13096.050000000001,90926.56177024913
2025-02-24T00:00:00+00:00,13096.050000000001,13161.45,12925.93,12949.94,99696.56722765509
2025-02-25T00:00:00+00:00,12949.94,12990.6,12848.11,12899.61,78268.06308244113
2025-02-26T00:00:00+00:00,12899.61,13041.78,12875.76,12939.77,77012.44365637303
2025-02-27T00:00:00+00:00,12939.77,13109.800000000001,12902.78,13010.28,102954.59398905191
2025-02-28T00:00:00+00:00,13010.28,13152.68,12807.17,12870.18,103981.59018191355
2025-03-03T00:00:00+00:00,12870.18,12956.53,12743.53,12749.51,93008.57448011216
2025-03-04T00:00:00+00:00,12749.51,12781.240000000002,12623.720000000001,12687.730000000001,85675.85848107298
2025-03-05T00:00:00+00:00,12687.730000000001,12873.12,12670.1,12872.12,89140.77337683339
2025-03-06T00:00:00+00:00,12872.12,12993.080000000002,12832.060000000001,12956.580000000002,88036.9189605162
2025-03-07T00:00:00+00:00,12956.580000000002,13022.93,12902.92,12924.93,80527.04666608312
2025-03-10T00:00:00+00:00,12924.93,12962.87,12761.36,12777.37,69841.09531044043
2025-03-11T00:00:00+00:00,12777.37,12952.12,12728.61,12907.1,80538.22800621566
2025-03-12T00:00:00+00:00,12907.1,12985.160000000002,12841.640000000001,12924.150000000001,73432.04969226451
2025-03-13T00:00:00+00:00,12924.150000000001,13039.34,12888.320000000002,12993.830000000002,69205.6571175868
2025-03-14T00:00:00+00:00,12993.830000000002,13489.45,12970.45,13477.95,86058.55020661578
2025-03-17T00:00:00+00:00,13477.95,13493.470000000001,13322.960000000001,13433.460000000001,61737.24992593054
2025-03-18T00:00:00+00:00,13433.460000000001,13433.460000000001,13285.630000000001,13310.140000000001,50581.52383629209
2025-03-19T00:00:00+00:00,13310.140000000001,13487.34,13297.330000000002,13415.84,55958.833845804096
2025-03-20T00:00:00+00:00,13415.84,13446.93,13188.910000000002,13203.42,57351.268604584344
2025-03-21T00:00:00+00:00,13203.42,13334.7,12993.2,13039.18,66910.9601211916
2025-03-24T00:00:00+00:00,13039.18,13176.300000000001,13007.29,13112.800000000001,56745.437906757776
2025-03-25T00:00:00+00:00,13112.800000000001,13176.43,13091.410000000002,13130.93,46891.93279431941
2025-03-26T00:00:00+00:00,13130.93,13155.570000000002,13055.070000000002,13080.080000000002,51837.35317682755
2025-03-27T00:00:00+00:00,13080.080000000002,13235.25,13038.25,13182.740000000002,57652.81847112882
2025-03-28T00:00:00+00:00,13182.740000000002,13183.240000000002,12992.92,13004.42,58205.307649922484
2025-03-31T00:00:00+00:00,13004.42,13127.6,12940.08,13000.1,80572.25185538181
2025-04-01T00:00:00+00:00,13000.1,13001.1,12892.92,12918.42,55313.68689326456
2025-04-02T00:00:00+00:00,12918.42,12986.43,12811.92,12812.91,53072.43779458519
2025-04-03T00:00:00+00:00,12812.91,12820.91,12411.1,12687.11,103447.66068359977
2025-04-04T00:00:00+00:00,12687.11,12700.79,11727.800000000001,12181.78,102945.75420399182
2025-04-07T00:00:00+00:00,12181.78,12182.78,11299.2,11610.710000000001,373535.1776932356
2025-04-08T00:00:00+00:00,11610.710000000001,12137.87,11607.210000000001,11806.380000000001,225304.9674248354
2025-04-09T00:00:00+00:00,11806.380000000001,12364.49,11765.970000000001,12303.970000000001,355524.298506349
2025-04-10T00:00:00+00:00,12303.970000000001,12378,12127,12240.51,222148.84766566168
2025-04-11T00:00:00+00:00,12240.51,12486.91,12207.400000000001,12463.890000000001,162322.33210216113
2025-04-14T00:00:00+00:00,12463.890000000001,12536.6,12404.08,12471.09,77581.75449900501
2025-04-15T00:00:00+00:00,12471.09,12566.380000000001,12449.36,12505.37,60225.66976941899
2025-04-16T00:00:00+00:00,12505.37,12682.53,12430.52,12584.53,76921.53969092242
2025-04-17T00:00:00+00:00,12584.53,12678.04,12520.52,12607.04,63341.13222504861
2025-04-18T00:00:00+00:00,12607.04,13103.4,12577.92,13087.9,19883.618664052105
2025-04-21T00:00:00+00:00,13087.9,13177.31,13033.29,13053.29,26372.33216036198
2025-04-22T00:00:00+00:00,13053.29,13261.13,13052.79,13227.63,59288.2191703588
2025-04-23T00:00:00+00:00,13227.63,13306.26,13146.74,13211.25,70605.99821108676
2025-04-24T00:00:00+00:00,13211.25,13309.28,13184.77,13291.77,47930.666144872965
2025-04-25T00:00:00+00:00,13291.77,13291.77,13173.6,13230.11,56817.78548816067
2025-04-28T00:00:00+00:00,13230.11,13246.14,13139.13,13201.14,38880.21943373018
2025-04-29T00:00:00+00:00,13201.14,13206.14,13078.75,13116.26,35810.061033831385
2025-04-30T00:00:00+00:00,13116.26,13130.85,12995.83,13039.84,41586.376265433464
2025-05-01T00:00:00+00:00,13039.84,13121.63,12964.64,12980.63,14905.456413822167
2025-05-02T00:00:00+00:00,12980.63,13205.83,12980.13,13203.32,44303.680618914965
2025-05-05T00:00:00+00:00,13203.32,13262.25,13153.74,13198.25,16312.639966911485
2025-05-06T00:00:00+00:00,13198.25,13199.25,13026.89,13168.88,61501.00308691559
2025-05-07T00:00:00+00:00,13168.88,13326.58,13168.88,13181.58,62310.63882295342
2025-05-08T00:00:00+00:00,13181.58,13438.27,13181.58,13350.25,51697.1300395532
2025-05-09T00:00:00+00:00,13350.25,13452.79,13313.77,13422.78,37278.89067103947
2025-05-12T00:00:00+00:00,13422.78,13708.09,13415.28,13618.58,94785.83109777323
2025-05-13T00:00:00+00:00,13618.58,13620.65,13508.14,13585.15,38332.05793683965
2025-05-14T00:00:00+00:00,13585.15,13876.32,13559.8,13820.3,61484.885955209436
2025-05-15T00:00:00+00:00,13820.3,13824.22,13702.2,13734.21,44343.10725345775
2025-05-16T00:00:00+00:00,13734.21,13757.14,13574.14,13640.64,38491.41433187198
2025-05-19T00:00:00+00:00,13640.64,13642.64,13530.44,13578.45,36873.657516530984
2025-05-20T00:00:00+00:00,13578.45,13706.64,13569.63,13663.14,36671.49081930266
2025-05-21T00:00:00+00:00,13663.14,13810.91,13648.91,13710.4,42877.89305173392
2025-05-22T00:00:00+00:00,13710.4,13790.61,13664.6,13725.59,38768.27003098313
2025-05-23T00:00:00+00:00,13725.59,13805.06,13574.05,13619.57,52452.256857401015
2025-05-26T00:00:00+00:00,13619.57,13639.68,13434.66,13482.18,42445.937654854686
2025-05-27T00:00:00+00:00,13482.18,13535.87,13377.37,13407.39,44722.89444789547
2025-05-28T00:00:00+00:00,13407.39,13451.08,13365.07,13375.09,29285.79442544825
2025-05-29T00:00:00+00:00,13375.09,13476.76,13344.74,13354.25,54957.49314114581
2025-05-30T00:00:00+00:00,13354.25,13403.17,13258.16,13301.15,52491.920405630066
2025-06-02T00:00:00+00:00,13301.15,13328.380000000001,13124.86,13322.880000000001,35563.66678531469
2025-06-03T00:00:00+00:00,13322.880000000001,13461.66,13288.14,13399.16,48828.93935780973
2025-06-04T00:00:00+00:00,13399.16,13471.62,13388.6,13438.1,34077.44097112282
2025-06-05T00:00:00+00:00,13438.1,13494.33,13363.31,13459.33,42972.18571222413
2025-06-06T00:00:00+00:00,13459.33,13512.04,13407.52,13443.02,34478.8724481636
2025-06-09T00:00:00+00:00,13443.02,13468.17,13361.16,13427.16,43478.19678442078
2025-06-10T00:00:00+00:00,13427.16,13500.36,13326.36,13387.37,48641.01336907414
2025-06-11T00:00:00+00:00,13387.37,13576.01,13387.37,13488.52,44633.80165285838
2025-06-12T00:00:00+00:00,13488.52,13498.49,13380.48,13465,36749.28387945161
2025-06-13T00:00:00+00:00,13465,13465,13326,13372.01,47373.4320137767
2025-06-16T00:00:00+00:00,13372.01,13445.4,13291.39,13417.39,37623.42182436509
2025-06-17T00:00:00+00:00,13417.39,13437.11,13342.1,13395.61,35102.52967470922
2025-06-18T00:00:00+00:00,13395.61,13478.35,13356.34,13379.83,37524.43170598316
2025-06-19T00:00:00+00:00,13379.83,13412.050000000001,13306.04,13337.06,39789.7422965747
2025-06-20T00:00:00+00:00,13337.06,13431.02,13317.5,13383.51,34951.2425739007
2025-06-23T00:00:00+00:00,13383.51,13479.17,13269.16,13444.15,53531.38441089567
2025-06-24T00:00:00+00:00,13444.15,13673.74,13444.15,13629.72,51025.74309642246
2025-06-25T00:00:00+00:00,13629.72,13793.300000000001,13529.28,13767.28,61523.19091314164
2025-06-26T00:00:00+00:00,13767.28,13767.28,13678.57,13723.58,40601.45703849006
2025-06-27T00:00:00+00:00,13723.58,13748.81,13472.300000000001,13488.29,56737.44506724244
2025-06-30T00:00:00+00:00,13488.29,13518.36,13418.34,13498.36,40085.527190166635
2025-07-01T00:00:00+00:00,13498.36,13572.47,13470.45,13539.460000000001,25224.14449111885
2025-07-02T00:00:00+00:00,13539.460000000001,13627.17,13501.18,13553.18,43049.45386059194
2025-07-03T00:00:00+00:00,13553.18,13682.94,13549.95,13657.94,44363.07412854807
2025-07-04T00:00:00+00:00,13657.94,13890.49,13623.98,13801.99,53273.78629038115
2025-07-07T00:00:00+00:00,13801.99,13802.99,13678.41,13725.93,38498.40483611576
2025-07-08T00:00:00+00:00,13725.93,13814.82,13710.31,13789.31,41727.78298913358
2025-07-09T00:00:00+00:00,13789.31,13909.51,13762.02,13841.52,39563.91110100442
2025-07-10T00:00:00+00:00,13841.52,13999.9,13821.89,13934.89,44779.13029218194
2025-07-11T00:00:00+00:00,13934.89,14105.75,13815.73,13820.23,59004.36291203357
2025-07-14T00:00:00+00:00,13820.23,13932.42,13797.9,13863.92,52978.67505447824
2025-07-15T00:00:00+00:00,13863.92,13914.53,13727.01,13809.02,78497.97392294923
2025-07-16T00:00:00+00:00,13809.02,13817.76,13694.27,13731.78,57642.179875533395
2025-07-17T00:00:00+00:00,13731.78,13777.37,13700.35,13768.85,51201.87956080663
2025-07-18T00:00:00+00:00,13768.85,13910.6,13731.1,13865.62,72558.8387347027
2025-07-21T00:00:00+00:00,13865.62,13921.04,13838.02,13913.52,44438.595785806625
2025-07-22T00:00:00+00:00,13913.52,14062.73,13811.22,14062.73,55472.352792832455
2025-07-23T00:00:00+00:00,14062.73,14205.93,14024.91,14068.92,67290.09756315821
2025-07-24T00:00:00+00:00,14068.92,14104.92,13993.44,14020.92,58129.68043307285
2025-07-25T00:00:00+00:00,14020.92,14042.87,13917.88,13947.87,48791.04386034029
2025-07-28T00:00:00+00:00,13947.87,14031.98,13884.99,13938.99,61808.57787875706
2025-07-29T00:00:00+00:00,13938.99,14024.02,13917.52,13960.03,50811.06799817104
2025-07-30T00:00:00+00:00,13960.03,14114.65,13893.64,13967.14,76221.03705187357
2025-07-31T00:00:00+00:00,13967.14,13968.52,13722.51,13729.02,73057.76718962856
2025-08-01T00:00:00+00:00,13729.02,13789.14,13586.12,13616.62,62643.90709174965
2025-08-04T00:00:00+00:00,13616.62,13778.42,13609.41,13768.42,44614.8349427243
2025-08-05T00:00:00+00:00,13771.300000000001,13921.57,13749.45,13887.05,39323.80140186916
2025-08-06T00:00:00+00:00,13887.05,13927.13,13832.12,13873.62,35603.17371252882
2025-08-07T00:00:00+00:00,13873.62,13994.39,13873.37,13929.39,41818.84722222222
2025-08-08T00:00:00+00:00,13929.39,13988.1,13900.1,13940.12,38391.67432069228
2025-08-11T00:00:00+00:00,13940.12,13977.36,13877.84,13883.86,57908.346278317156
2025-08-12T00:00:00+00:00,13883.86,14135.58,13883.36,14114.09,55193.9187399679
2025-08-13T00:00:00+00:00,14104.9,14195.72,14051.01,14195.2,63837.12484398332
2025-08-14T00:00:00+00:00,14195.2,14380.87,14159.35,14169.86,82779.67875271937
2025-08-15T00:00:00+00:00,14169.86,14270.04,14104.02,14220.52,86426.19920948616
2025-08-18T00:00:00+00:00,14208.6,14377.87,14155.86,14339.38,92907.77853676052
2025-08-19T00:00:00+00:00,14339.38,14359.59,14194.08,14198.09,72439.68812458172
2025-08-20T00:00:00+00:00,14198.09,14455.84,14107.84,14455.84,89093.32073966097
2025-08-21T00:00:00+00:00,14455.84,14524.55,14387.55,14491.53,81769.48072678084
2025-08-22T00:00:00+00:00,14491.53,14876.93,14482.43,14871.91,111980.51364473949
2025-08-25T00:00:00+00:00,14871.91,15038.96,14793.95,14964.44,110057.0419587658
2025-08-26T00:00:00+00:00,14964.44,15056.69,14894.7,14950.2,82151.35339878716
2025-08-27T00:00:00+00:00,14950.2,14976.5,14555.48,14556.48,83890.96756675656
2025-08-28T00:00:00+00:00,14556.48,14800.35,14535.84,14792.35,98511.33484589326
2025-08-29T00:00:00+00:00,14792.35,15001.77,14708.77,14963.28,121233.68522999088
2025-09-01T00:00:00+00:00,14963.28,15020.44,14805.92,14854.85,82518.71394599284
2025-09-02T00:00:00+00:00,14873.300000000001,15062.210000000001,14838.7,14958.2,116594.8697748316
2025-09-03T00:00:00+00:00,14958.2,15014.92,14727.900000000001,14801.91,110947.45120205804
2025-09-04T00:00:00+00:00,14801.91,14835.91,14458.900000000001,14586.44,132589.43526626838
2025-09-05T00:00:00+00:00,14586.44,14849.22,14534.22,14786.22,92060.07024394358
2025-09-08T00:00:00+00:00,14786.22,14902.31,14750.3,14824.8,78377.77634363937
2025-09-09T00:00:00+00:00,14824.8,14876.62,14674.11,14785.11,68324.04633806573
2025-09-10T00:00:00+00:00,14785.11,14911.72,14758.21,14781.71,64381.91209098581
2025-09-11T00:00:00+00:00,14781.71,15234.95,14779.93,15229.43,82261.56186454807
2025-09-12T00:00:00+00:00,15229.43,15242.19,15061.2,15091.2,77328.04366381497
2025-09-15T00:00:00+00:00,15091.2,15282.66,15088.14,15208.64,97312.49257195271
2025-09-16T00:00:00+00:00,15208.64,15238.16,15052.64,15096.66,79538.27623623269
2025-09-17T00:00:00+00:00,15096.66,15224.18,15031.16,15192.18,106113.93662692742
2025-09-18T00:00:00+00:00,15192.18,15288.69,14848.67,14980.19,126362.51863871168
2025-09-19T00:00:00+00:00,14980.19,15084.11,14913.61,14970.12,97626.07768053593
2025-09-22T00:00:00+00:00,14970.12,15088.43,14903.41,15025.91,77875.48749647448
2025-09-23T00:00:00+00:00,15025.91,15205.33,14902.33,15016.32,112165.02784761979
2025-09-24T00:00:00+00:00,15016.32,15114.18,14948.66,15076.3,85635.92391023254
2025-09-25T00:00:00+00:00,15076.3,15275.96,15069.46,15179.94,99460.34659730051
2025-09-26T00:00:00+00:00,15179.94,15182.78,14942.76,14978.78,89008.65217325713
2025-09-29T00:00:00+00:00,14978.78,15304.23,14957.21,15191.72,102743.89200296081
2025-09-30T00:00:00+00:00,15191.72,15223.26,15093.24,15160.75,61795.646866825686
2025-10-01T00:00:00+00:00,15160.75,15184.66,15119.16,15172.65,11911.035583065994
2025-10-02T00:00:00+00:00,15172.65,15326.45,15146.94,15233.94,30301.791070854895
2025-10-03T00:00:00+00:00,15233.94,15256.79,15134.77,15161.27,21567.855137159975
2025-10-06T00:00:00+00:00,15161.27,15182.210000000001,15104.19,15175.18,31059.40080885305
2025-10-07T00:00:00+00:00,15175.18,15225.53,15118.52,15135.03,14872.526571625027
2025-10-08T00:00:00+00:00,15135.03,15137.03,14960.83,15126.36,38893.931496542384
2025-10-09T00:00:00+00:00,15126.36,15337.86,15079.84,15117.85,93285.84844271946
2025-10-10T00:00:00+00:00,15117.85,15203.61,14342.59,14426.09,181851.97868275514
2025-10-13T00:00:00+00:00,14426.09,14891.48,14426.09,14834.960000000001,140574.1894706627
2025-10-14T00:00:00+00:00,14834.960000000001,14950.27,14662.25,14764.27,153657.11967694774
2025-10-15T00:00:00+00:00,14764.27,15066.62,14730.62,14968.12,104301.07943084119
2025-10-16T00:00:00+00:00,14968.12,15180.29,14929.27,15110.78,107242.36701431217
2025-10-17T00:00:00+00:00,15110.78,15152.7,14823.7,15005.2,115706.07442744344
2025-10-20T00:00:00+00:00,15005.2,15077.77,14922.26,15041.76,75023.61558825034
2025-10-21T00:00:00+00:00,15041.76,15308.79,15010.77,15185.78,82706.11727448038
2025-10-22T00:00:00+00:00,15185.78,15282.94,15143.45,15209.44,77636.50140394655
2025-10-23T00:00:00+00:00,15209.44,15363.27,15105.25,15338.76,87144.38717722161
2025-10-24T00:00:00+00:00,15338.76,15548.24,15338.76,15535.74,77367.18182702007
2025-10-27T00:00:00+00:00,15535.74,15704.85,15527.24,15700.87,87335.15456417335
2025-10-28T00:00:00+00:00,15700.87,15765.01,15592.01,15681.02,82902.6828252334
2025-10-29T00:00:00+00:00,15681.02,15718.37,15594.87,15676.35,51762.6432427942
2025-10-30T00:00:00+00:00,15676.35,15713.16,15486.15,15547.67,120068.8257203092
2025-10-31T00:00:00+00:00,15547.67,15563.550000000001,15210.060000000001,15260.57,99977.8752193767
2025-11-03T00:00:00+00:00,15260.57,15341.19,15164.17,15302.69,75453.0527996491
2025-11-04T00:00:00+00:00,15302.69,15385.61,15183.09,15226.09,76986.99844074844
2025-11-05T00:00:00+00:00,15226.09,15355.48,15080.960000000001,15348.48,81623.75509570463
2025-11-06T00:00:00+00:00,15348.48,15512.75,15296.77,15443.25,73675.73768480602
2025-11-07T00:00:00+00:00,15443.25,15458.58,15322.560000000001,15393.060000000001,68224.88935047176
2025-11-10T00:00:00+00:00,15393.060000000001,15461.300000000001,15250.29,15447.310000000001,72613.14012224598
2025-11-11T00:00:00+00:00,15447.310000000001,15464.82,15251.82,15327.33,57550.46855852537
2025-11-12T00:00:00+00:00,15327.33,15465.12,15321.6,15427.6,63090.12462573987
2025-11-13T00:00:00+00:00,15427.6,15570.36,15352.34,15454.85,80673.3418606524
2025-11-14T00:00:00+00:00,15454.85,15532.48,15237.98,15288,81816.1504793664
2025-11-17T00:00:00+00:00,15288,15340.99,15105.48,15127.98,76152.17633114933
2025-11-18T00:00:00+00:00,15127.98,15285.060000000001,15115.54,15203.04,87881.41472438032
2025-11-19T00:00:00+00:00,15203.04,15371.82,15176.800000000001,15269.32,79556.50324448792
2025-11-20T00:00:00+00:00,15269.32,15405.45,15136.94,15140.45,102748.76181453411
2025-11-21T00:00:00+00:00,15140.45,15212.34,14792.81,14963.81,147326.05456530413
2025-11-24T00:00:00+00:00,14963.81,14979.11,14765.1,14908.61,123228.44685940655
2025-11-25T00:00:00+00:00,14908.61,15034.64,14862.62,15023.12,101042.93142066716
2025-11-26T00:00:00+00:00,15023.12,15124.54,14962.04,15027.54,91423.63349685918
2025-11-27T00:00:00+00:00,15027.54,15210.32,15012.31,15061.81,73926.72399672266
2025-11-28T00:00:00+00:00,15061.81,15136.52,14966.52,15120.03,62004.70212103064
2025-12-01T00:00:00+00:00,15120.03,15230.73,15043.72,15207.23,61557.42488430588
2025-12-02T00:00:00+00:00,15207.23,15230.8,15103.8,15133.32,49552.40274028757
2025-12-03T00:00:00+00:00,15133.32,15213.11,14978.11,15039.62,56328.546448076726
2025-12-04T00:00:00+00:00,15039.62,15152.95,14971.95,15117.95,53478.64484012884
2025-12-05T00:00:00+00:00,15117.95,15275.9,15073.4,15260.4,63221.54593834405
2025-12-08T00:00:00+00:00,15260.4,15435.03,15235.01,15331.53,60940.023396597
2025-12-09T00:00:00+00:00,15331.53,15422.79,15289.27,15312.79,52832.368782462254
2025-12-10T00:00:00+00:00,15312.79,15336.53,15114.03,15289.52,73368.8186341728
2025-12-11T00:00:00+00:00,15289.52,15314.37,15151.35,15253.37,66732.99990058377
2025-12-12T00:00:00+00:00,15253.37,15304.04,15102.55,15201.03,78489.42114478363
2025-12-15T00:00:00+00:00,15201.03,15302.59,15129.58,15140.6,65977.00683013452
2025-12-16T00:00:00+00:00,15140.6,15152.27,14932.29,15008.77,77259.5207076531
2025-12-17T00:00:00+00:00,15008.77,15274.23,14955.71,15165.23,82969.9714655829
2025-12-18T00:00:00+00:00,15165.23,15226.13,15064.62,15211.62,67945.3183675551
2025-12-19T00:00:00+00:00,15211.62,15272.68,15114.17,15223.17,66542.20008678598
2025-12-22T00:00:00+00:00,15223.17,15332.91,15210.41,15326.9,53296.2273263676
2025-12-23T00:00:00+00:00,15326.9,15461.22,15287.7,15424.72,62857.63030518434
2025-12-24T00:00:00+00:00,15424.72,15424.72,15285.06,15377.7,38994.71561323752
2025-12-26T00:00:00+00:00,15379.9,15497.9,15367.4,15441.7,10865.282053906714
2025-12-29T00:00:00+00:00,15433.4,15475.72,15325.71,15342.22,66740.1651499454
2025-12-30T00:00:00+00:00,15342.22,15449.72,15308.21,15412.72,60656.24861638271
2025-12-31T00:00:00+00:00,15412.72,15428.369999999999,15231.369999999999,15292.89,48362.537923384094
2026-01-02T00:00:00+00:00,15292.89,15607.970000000001,15273.39,15589.460000000001,22450.520645159573
2026-01-05T00:00:00+00:00,15589.460000000001,15709.17,15512.64,15708.15,78340.15120652971
2026-01-06T00:00:00+00:00,15708.15,15854.74,15649.26,15809.76,92249.93270730968
2026-01-07T00:00:00+00:00,15809.76,15825.32,15641.310000000001,15663.300000000003,67609.04410785594
2026-01-08T00:00:00+00:00,15663.300000000003,15690.180000000002,15488.170000000002,15610.680000000002,74672.01535931458
2026-01-09T00:00:00+00:00,15610.680000000002,15658.600000000002,15493.580000000002,15655.100000000002,87478.32136487009
2026-01-12T00:00:00+00:00,15655.100000000002,15690.100000000002,15431.610000000002,15690.090000000002,92124.49716857911
2026-01-13T00:00:00+00:00,15690.090000000002,15800.320000000002,15474.310000000001,15531.330000000002,115301.28430524626
2026-01-14T00:00:00+00:00,15531.330000000002,15683.660000000002,15374.680000000002,15407.170000000002,132137.42535450586
2026-01-15T00:00:00+00:00,15407.170000000002,15519.980000000001,15355.970000000003,15482.960000000003,101408.98167937814
2026-01-16T00:00:00+00:00,15482.960000000003,15575.040000000003,15281.030000000002,15309.540000000003,96930.7380169837
2026-01-19T00:00:00+00:00,15309.540000000003,15422.380000000003,15216.360000000002,15294.370000000003,69506.03303856876
2026-01-20T00:00:00+00:00,15294.370000000003,15320.130000000003,15128.620000000003,15136.110000000002,94880.4721793774
2026-01-21T00:00:00+00:00,15136.110000000002,15313.710000000003,15100.210000000003,15194.220000000003,92247.8128216847
2026-01-22T00:00:00+00:00,15194.220000000003,15232.110000000002,14993.100000000002,15138.600000000002,72705.23763209788
2026-01-23T00:00:00+00:00,15138.600000000002,15156.040000000003,14870.550000000003,14957.530000000002,68234.75137125001
2026-01-26T00:00:00+00:00,14957.530000000002,15139.080000000002,14896.570000000002,15017.560000000001,95293.50844455618
2026-01-27T00:00:00+00:00,15017.560000000001,15149.560000000001,14942.050000000003,14998.540000000003,86670.06997525708
2026-01-28T00:00:00+00:00,14998.540000000003,15049.270000000002,14882.260000000002,14921.780000000002,97620.70503965621
2026-01-29T00:00:00+00:00,14921.780000000002,15236.220000000003,14880.710000000003,15172.700000000003,111951.34668740796
2026-01-30T00:00:00+00:00,15172.700000000003,15172.700000000003,14921.230000000001,15026.220000000003,108801.17430776215
2026-02-02T00:00:00+00:00,15026.220000000003,15168.520000000002,14777.510000000002,14919.500000000002,123708.79586930384
2026-02-03T00:00:00+00:00,14919.500000000002,15011.500000000002,14657.990000000002,14818.010000000002,108615.7480849592
2026-02-04T00:00:00+00:00,14818.010000000002,15077.690000000002,14817.510000000002,14993.690000000002,102332.00434481555
2026-02-05T00:00:00+00:00,14993.690000000002,15063.560000000001,14900.050000000003,14952.060000000001,120869.32806116088
2026-02-06T00:00:00+00:00,14952.060000000001,15050.340000000002,14764.330000000002,15049.340000000002,99490.94666766643
2026-02-09T00:00:00+00:00,15049.340000000002,15163.170000000002,14987.170000000002,15156.670000000002,63625.895526677145
2026-02-10T00:00:00+00:00,15156.670000000002,15185.880000000003,15069.870000000003,15118.360000000002,54638.06102833924
2026-02-11T00:00:00+00:00,15118.360000000002,15124.000000000002,14980.990000000002,15055.010000000002,57414.01769553406
2026-02-12T00:00:00+00:00,15055.010000000002,15087.080000000002,14863.060000000001,14876.070000000002,56385.57160657259
2026-02-13T00:00:00+00:00,14876.070000000002,14912.900000000001,14720.890000000001,14800.890000000001,95715.01618077034
2026-02-16T00:00:00+00:00,14800.890000000001,15009.120000000003,14780.130000000003,14980.120000000003,23239.955192634356
2026-02-17T00:00:00+00:00,14980.120000000003,14982.120000000003,14814.830000000002,14881.820000000002,26925.121778706005
2026-02-18T00:00:00+00:00,14881.820000000002,14974.240000000002,14863.230000000001,14950.250000000002,15821.311411070365
2026-02-19T00:00:00+00:00,14950.250000000002,14967.970000000003,14859.970000000003,14898.970000000003,24989.460814428945
2026-02-20T00:00:00+00:00,14898.970000000003,14983.700000000003,14768.680000000002,14983.190000000002,67403.10144744288
2026-02-23T00:00:00+00:00,14983.190000000002,15069.690000000002,14917.680000000002,14962.190000000002,53630.367000824335
2026-02-24T00:00:00+00:00,14962.190000000002,15032.680000000002,14779.180000000002,14854.700000000003,71592.86573071539
2026-02-25T00:00:00+00:00,14854.700000000003,15043.280000000002,14829.260000000002,14969.270000000002,57038.067625566204
2026-02-26T00:00:00+00:00,14969.270000000002,14969.270000000002,14643.210000000003,14674.220000000003,61144.74235756818
2026-02-27T00:00:00+00:00,14674.220000000003,14755.679999999998,14633.150000000001,14693.669999999998,66441.98489729263
2026-03-02T00:00:00+00:00,14693.669999999998,14858.429999999998,14574.41,14825.429999999998,101528.80784660074
2026-03-03T00:00:00+00:00,14825.429999999998,15049.07,14532.58,14671.089999999998,157820.24278686344
2026-03-04T00:00:00+00:00,14671.089999999998,14720.419999999998,14375.9,14624.91,161137.08186070086
2026-03-05T00:00:00+00:00,14624.91,14765.41,14561.419999999998,14635.919999999998,131315.40530001593
2026-03-06T00:00:00+00:00,14635.919999999998,14767.949999999999,14541.46,14571.439999999999,113256.92991542336
2026-03-09T00:00:00+00:00,14571.439999999999,14706.369999999999,14283.349999999999,14684.849999999999,187171.23020541127
2026-03-10T00:00:00+00:00,14684.849999999999,14841.98,14659.98,14754.46,110819.81590624436
2026-03-11T00:00:00+00:00,14754.46,14983.66,14754.46,14905.66,98502.47850879826
2026-03-12T00:00:00+00:00,14905.66,14932.72,14773.21,14802.21,90130.71074725977
2026-03-13T00:00:00+00:00,14802.21,15017.949999999999,14795.929999999998,14881.439999999999,98178.6622931366
2026-03-16T00:00:00+00:00,14881.439999999999,15009.51,14767.5,14977.99,100655.08914979058
2026-03-17T00:00:00+00:00,14977.99,15228.609999999999,14967.599999999999,15062.119999999999,81577.50578755178
2026-03-18T00:00:00+00:00,15062.119999999999,15062.119999999999,14816.289999999999,14822.8,96047.10466561314
2026-03-19T00:00:00+00:00,14822.8,14995.99,14780.98,14847.49,136383.6864561537
2026-03-20T00:00:00+00:00,14847.49,15017.74,14676.22,14695.74,119024.62534205106
2026-03-23T00:00:00+00:00,14695.74,14725.779999999999,14316.279999999999,14562.77,276114.0558244927
2026-03-24T00:00:00+00:00,14562.77,14562.77,14317.59,14523.1,175382.57259967708
2026-03-25T00:00:00+00:00,14523.1,14783.22,14522.6,14756.23,127228.36503119362
2026-03-26T00:00:00+00:00,14756.23,14810.859999999999,14579.34,14605.34,108161.02843426884
2026-03-27T00:00:00+00:00,14605.34,14801.64,14559.64,14611.64,104659.60464525716
2026-03-30T00:00:00+00:00,14611.64,14727.18,14488.189999999999,14668.67,109208.75604328353
2026-03-31T00:00:00+00:00,14668.67,14852.67,14637.650000000001,14843.660000000002,126404.88279515682
2026-04-01T00:00:00+00:00,14843.660000000002,14904.62,14751.6,14846.12,75461.98322628508
2026-04-02T00:00:00+00:00,14846.12,14892.480000000001,14670.500000000002,14847.490000000002,104621.25604255502
2026-04-03T00:00:00+00:00,14847.490000000002,14847.990000000002,14482.1,14496.09,34189.02463375931
2026-04-06T00:00:00+00:00,14496.09,14597.28,14481.76,14576.78,23586.182106337354
2026-04-07T00:00:00+00:00,14576.78,14595.96,14402.95,14460.94,66786.53339725152
2026-04-08T00:00:00+00:00,14460.94,14937.62,14458.94,14900.64,113677.87241389972
2026-04-09T00:00:00+00:00,14900.64,14904.14,14763.88,14851.39,69135.23225541924
2026-04-10T00:00:00+00:00,14851.39,15136.68,14813.16,15033.17,80596.89968968088
2026-04-13T00:00:00+00:00,15033.17,15206.52,14975.01,15206.02,65409.54682276726
2026-04-14T00:00:00+00:00,15206.02,15401.69,15138.67,15395.69,61092.050729125105
2026-04-15T00:00:00+00:00,15395.69,15439.05,15308.04,15411.030000000002,62231.03375194253
2026-04-16T00:00:00+00:00,15411.030000000002,15533.430000000002,15367.920000000002,15449.440000000002,70801.8836539365
2026-04-17T00:00:00+00:00,15449.440000000002,15559.630000000001,15390.630000000001,15523.630000000001,63342.999024087934
2026-04-20T00:00:00+00:00,15523.630000000001,15555.7,15362.690000000002,15544.2,68201.43658536111
2026-04-21T00:00:00+00:00,15544.2,15572.710000000001,15400.7,15471.220000000001,68426.19655978997
2026-04-22T00:00:00+00:00,15471.220000000001,15636.590000000002,15464.570000000002,15614.090000000002,62364.67997665637
2026-04-23T00:00:00+00:00,15614.090000000002,15694.54,15491.520000000002,15636.030000000002,92593.1342270801
2026-04-24T00:00:00+00:00,15636.030000000002,15648.080000000002,15469.580000000002,15629.600000000002,97023.06842727325
2026-04-27T00:00:00+00:00,15629.600000000002,15666.940000000002,15461.440000000002,15492.430000000002,82041.75854856815
2026-04-28T00:00:00+00:00,15492.430000000002,15594.670000000002,15444.650000000001,15513.650000000001,79730.84387108796
2026-04-29T00:00:00+00:00,15513.650000000001,15627.520000000002,15451.510000000002,15543.000000000002,71694.26737480283
2026-04-30T00:00:00+00:00,15543.000000000002,15699.690000000002,15515.680000000002,15676.680000000002,74281.05495057997
2026-05-01T00:00:00+00:00,15676.680000000002,15812.690000000002,15676.680000000002,15708.690000000002,16598.963135379585
2026-05-04T00:00:00+00:00,15708.690000000002,15751.700000000003,15616.680000000002,15644.180000000002,44634.093900087435
2026-05-05T00:00:00+00:00,15644.180000000002,15717.180000000002,15620.180000000002,15708.660000000002,23399.55846481642
2026-05-06T00:00:00+00:00,15708.660000000002,15934.160000000002,15649.660000000002,15916.670000000002,99199.22399560706
2026-05-07T00:00:00+00:00,15916.670000000002,15917.170000000002,15674.160000000002,15697.660000000002,79160.23082330007
2026-05-08T00:00:00+00:00,15697.660000000002,15733.750000000002,15573.730000000001,15677.750000000002,61069.449725107515
2026-05-11T00:00:00+00:00,15677.750000000002,15973.060000000001,15616.560000000001,15956.540000000003,85579.95739386615
2026-05-12T00:00:00+00:00,15956.540000000003,16020.820000000002,15898.810000000001,15963.320000000002,82591.83976861059
2026-05-13T00:00:00+00:00,15963.320000000002,16136.070000000002,15851.050000000001,16117.070000000002,86877.92394474983
2026-05-14T00:00:00+00:00,16117.070000000002,16159.730000000001,15758.720000000001,15846.220000000001,97718.50760290757
2026-05-15T00:00:00+00:00,15846.220000000001,15849.620000000003,15594.100000000002,15641.610000000002,130756.46484979425
2026-05-18T00:00:00+00:00,15641.610000000002,15654.380000000001,15432.380000000001,15523.890000000001,117279.35671591203
2026-05-19T00:00:00+00:00,15523.890000000001,15554.680000000002,15333.660000000002,15440.690000000002,116023.11453055665
2026-05-20T00:00:00+00:00,15440.690000000002,15602.130000000003,15436.130000000003,15531.120000000003,102803.86174255573
2026-05-21T00:00:00+00:00,15531.120000000003,15769.120000000003,15257.100000000002,15420.620000000003,125937.94214904487
2026-05-22T00:00:00+00:00,15420.620000000003,15483.320000000003,15273.800000000003,15370.300000000003,96747.27529970465
2026-05-25T00:00:00+00:00,15370.300000000003,15658.420000000002,15369.300000000003,15619.920000000002,68991.83328791331
2026-05-26T00:00:00+00:00,15619.920000000002,15814.170000000002,15549.670000000002,15732.660000000003,119926.19384807389
2026-05-27T00:00:00+00:00,15732.660000000003,15887.510000000002,15660.990000000003,15742.490000000003,128868.8543963521
2026-05-28T00:00:00+00:00,15742.490000000003,15841.820000000003,15592.810000000003,15818.820000000003,113451.73491742164
2026-05-29T00:00:00+00:00,15818.820000000003,16041.820000000003,15779.320000000003,15919.320000000003,141237.1370273835
2026-06-01T00:00:00+00:00,15919.320000000003,15974.330000000004,15615.330000000004,15665.820000000003,152744.3548519051
2026-06-02T00:00:00+00:00,15665.820000000003,16091.330000000004,15618.830000000004,16028.27,142821.1492996164
2026-06-03T00:00:00+00:00,16028.27,16268.28,15971.76,16051.75,145428.9985156743
2026-06-04T00:00:00+00:00,16051.75,16052.25,15775.26,15827.25,122838.61400926717
2026-06-05T00:00:00+00:00,15827.25,15899.27,15347.26,15361.28,174620.51412359744
2026-06-08T00:00:00+00:00,15361.28,15440.28,15155.26,15301.76,154040.95491579096
2026-06-09T00:00:00+00:00,15301.76,15484.88,15175.39,15369.87,155327.9116090062
2026-06-10T00:00:00+00:00,15369.87,15399.55,15217.53,15261.05,150426.14117071175
2026-06-11T00:00:00+00:00,15261.05,15404.59,15153.09,15391.57,126384.60872869454
2026-06-12T00:00:00+00:00,15391.57,15704.81,15293.29,15635.770000000002,114947.19118409327
2026-06-15T00:00:00+00:00,15635.770000000002,15864.94,15633.270000000002,15839.94,95629.68141987783
2026-06-16T00:00:00+00:00,15839.94,15870.510000000002,15689.010000000002,15694.990000000002,69952.21764797546
2026-06-17T00:00:00+00:00,15694.990000000002,15710.050000000001,15544.03,15577.54,91688.58690524813
2026-06-18T00:00:00+00:00,15577.54,15827.300000000001,15577.54,15776.800000000001,110239.60251669305
2026-06-19T00:00:00+00:00,15776.800000000001,15796.180000000002,15717.680000000002,15777.160000000002,14442.820167018466
2026-06-22T00:00:00+00:00,15777.160000000002,16107.35,15622.340000000002,16051.340000000002,155849.30105716657
2026-06-23T00:00:00+00:00,16051.340000000002,16114.62,15483.11,15606.62,146866.06959314834
2026-06-24T00:00:00+00:00,15606.62,15652.830000000002,15514.810000000001,15607.800000000001,153245.7559342886
2026-06-25T00:00:00+00:00,15607.800000000001,15930.6,15554.61,15866.09,181793.69714519114
2026-06-26T00:00:00+00:00,15866.09,15866.09,15233.52,15430.04,188885.71315344275
2026-06-29T00:00:00+00:00,15430.04,15486.51,15119.01,15475.51,180362.80564412192
2026-06-30T00:00:00+00:00,15475.51,15638.410000000002,15361.93,15616.42,126831.64314226525
2026-07-01T00:00:00+00:00,15616.42,15630.92,15256.900000000001,15378.93,93405.19514407222
2026-07-02T00:00:00+00:00,15378.93,15379.9,14734.89,14825.41,173781.99871989214
2026-07-03T00:00:00+00:00,14825.41,15150.82,14754.81,14987.31,125009.53237045054
2026-07-06T00:00:00+00:00,14987.31,15113.83,14887.33,15043.82,133197.7271839738
2026-07-07T00:00:00+00:00,15043.82,15092.96,14845.939999999999,14962.449999999999,128870.2255676202
2026-07-08T00:00:00+00:00,14962.449999999999,15208.25,14853.26,14941.26,144490.62030741098
2026-07-09T00:00:00+00:00,14941.26,15426.47,14941.26,15415.47,135067.01424281878
2026-07-10T00:00:00+00:00,15415.47,15470.449999999999,14997.96,15073.449999999999,136221.91050496805
2026-07-13T00:00:00+00:00,15073.449999999999,15130.73,14797.22,14847.72,200911.67788724173
2026-07-14T00:00:00+00:00,14847.72,15233.49,14737.47,15207.99,200890.71884403419
2026-07-15T00:00:00+00:00,15207.99,15404.05,15099.53,15303.039999999999,136096.1934907687
2026-07-16T00:00:00+00:00,15303.039999999999,15303.039999999999,14875.91,14897.89,134720.60923071252
2026-07-17T00:00:00+00:00,14897.89,14914.949999999999,14347.43,14485.43,184983.71581261902
2026-07-20T00:00:00+00:00,14485.43,14866.93,14463.42,14802.42,209703.04348903865
2026-07-21T00:00:00+00:00,14802.42,15188.93,14802.42,15159.42,161362.15914071066
2026-07-22T00:00:00+00:00,15159.42,15332.47,15087.45,15181.95,122347.17922205725
2026-07-23T00:00:00+00:00,15181.95,15260.18,15111.16,15145.16,117005.79033892209
2026-07-24T00:00:00+00:00,15145.16,15195.36,14969.36,15022.36,112489.14927602997
2026-07-27T00:00:00+00:00,15022.36,15231.7,14991.18,15193.69,69783.87480594084
2026-07-28T00:00:00+00:00,15193.69,15193.69,14717.23,14834.72,131535.03118512817
2026-07-29T00:00:00+00:00,14834.72,14939.130000000001,14636.14,14787.64,156782.8594895314
2026-07-30T00:00:00+00:00,14787.64,14932.04,14454.52,14920.52,167865.3372930408
2026-07-31T00:00:00+00:00,14920.52,15061.03,14770.050000000001,14819.03,118876.99475341028
2026-08-03T00:00:00+00:00,14819.03,14841.7,14608.7,14719.2,89676.62929059405
2026-08-04T00:00:00+00:00,14719.2,14845.2,14651.2,14795.7,82241.43613637057
2026-08-05T00:00:00+00:00,14795.7,15026.7,14594.19,14865.7,105052.00924137338
2026-08-06T00:00:00+00:00,14865.7,14979.7,14756.19,14950.69,88050.66997271488
2026-08-07T00:00:00+00:00,14950.69,15104.19,14912.19,15084.68,85579.94385183134
2026-08-10T00:00:00+00:00,15084.68,15103.050000000001,14921.03,14994.03,74774.4432679249
2026-08-11T00:00:00+00:00,14994.03,15047.69,14897.68,14914.68,77063.5884421647
2026-08-12T00:00:00+00:00,14914.68,15038.009999999998,14878.980000000001,15033.509999999998,72537.13639048004
2026-08-13T00:00:00+00:00,15033.509999999998,15151.22,14959.72,14996.21,72440.3170478517
2026-08-14T00:00:00+00:00,14996.21,15032.64,14884.119999999999,14924.63,71178.67628070712
2026-08-17T00:00:00+00:00,14924.63,15187.949999999999,14910.949999999999,15130.949999999999,60994.58114555521
2026-08-18T00:00:00+00:00,15130.949999999999,15166.81,14988.31,15041.31,55491.33984267117
2026-08-19T00:00:00+00:00,15041.31,15042.31,14659.519999999999,14795.529999999999,85326.23841862901
2026-08-20T00:00:00+00:00,14795.529999999999,14816.67,14620.18,14703.17,69505.07008137835
2026-08-21T00:00:00+00:00,14703.17,14866.88,14663.859999999999,14812.859999999999,66084.74983773702
2026-08-24T00:00:00+00:00,14815.3,14854.33,14538.32,14624.31,82444
2026-08-25T00:00:00+00:00,14624.31,14687.04,14541.04,14653.54,72527
2026-08-26T00:00:00+00:00,14653.54,14837.73,14579.73,14737.71,70830
2026-08-27T00:00:00+00:00,14737.71,14859.66,14731.15,14789.14,59782
2026-08-28T00:00:00+00:00,14789.14,14849.49,14705.51,14724.01,59800
2026-08-31T00:00:00+00:00,14724.01,14769.01,14518.99,14733.49,60624
2026-09-01T00:00:00+00:00,14733.49,14872.51,14691.99,14735,65272
2026-09-02T00:00:00+00:00,14735,14735,14542.99,14543.99,15707
